                  epoch,         train/box_loss,         train/cls_loss,         train/dfl_loss,   metrics/precision(B),      metrics/recall(B),       metrics/mAP50(B),    metrics/mAP50-95(B),           val/box_loss,           val/cls_loss,           val/dfl_loss,                 lr/pg0,                 lr/pg1,                 lr/pg2
                      1,                 1.3396,                 1.8461,                 1.3732,                0.85769,                0.57595,                0.67833,                0.39927,                 1.3008,                 1.3847,                 1.3099,              0.0003327,              0.0003327,              0.0003327
                      2,                 1.2646,                 1.2689,                 1.3217,                0.82553,                0.63554,                0.70655,                0.43619,                 1.2159,                 1.0779,                  1.275,             0.00053416,             0.00053416,             0.00053416
                      3,                 1.2154,                 1.1111,                 1.2931,                0.87838,                0.67475,                0.80722,                0.56902,                 1.0815,                0.92526,                 1.2056,             0.00060362,             0.00060362,             0.00060362
                      4,                 1.1518,                  0.998,                 1.2519,                0.87555,                0.78653,                0.86111,                0.61601,                 1.0306,                0.81028,                 1.1544,               0.000406,               0.000406,               0.000406
                      5,                 1.0786,                0.88802,                 1.2049,                0.87343,                0.81142,                0.88033,                 0.6565,                0.92548,                0.69445,                  1.089,               0.000208,               0.000208,               0.000208
